expected,sender,rule_score,ai_verdict,ai_confidence,ai_points,combined_score,rules_verdict,combined_verdict,ai_reason
scam,,90,scam,100,35,100,phishing,phishing,"This is a phishing attempt using a false sense of urgency and a suspicious domain to steal credentials and OTP codes."
scam,,95,scam,100,35,100,phishing,phishing,"This is a fake traffic fine notice using a suspicious external domain to trick users into paying."
scam,,60,scam,100,35,95,phishing,phishing,"This is a classic law enforcement impersonation scam demanding secrecy and immediate contact via phone."
scam,,0,scam,100,35,35,clean,suspicious,"This is a classic bank impersonation scam using intimidation and pressure to steal your funds."
scam,,55,scam,100,35,90,suspicious,phishing,"This is a classic delivery fee scam using a fake tracking link to steal personal and financial information."
scam,procurement@moe-gov-bn-orders.com,30,scam,95,35,65,suspicious,phishing,"This is a classic fake procurement scam aiming to trick suppliers into shipping goods or sending bank details."
scam,,35,scam,100,35,70,suspicious,phishing,"This is a classic lottery scam requiring an advance fee payment and bank details to claim a fake prize."
scam,,65,scam,100,35,100,phishing,phishing,"This is a phishing attempt threatening account suspension to trick the user into clicking a malicious link and providing an OTP."
scam,hr.recruit@brunei-jobs-offer.net,55,scam,100,35,90,suspicious,phishing,"This is a classic task scam requiring an upfront deposit and personal identification details for a fake job."
scam,,15,scam,100,35,50,clean,suspicious,"This is a classic cryptocurrency investment scam promising guaranteed high returns and asking for an upfront deposit."
scam,security@baiduri-online-alert.top,85,scam,100,35,100,phishing,phishing,"This is a classic phishing email attempting to steal bank login credentials and card PINs using a false sense of urgency and a suspicious external link."
scam,,0,scam,100,35,35,clean,suspicious,"This is a classic utility disconnection scam using a fake domain to steal payment information."
legit,,0,legitimate,95,0,0,clean,clean,"This is a standard automated one-time password notification commonly sent by legitimate services or banks."
legit,,0,legitimate,95,0,0,clean,clean,"This is a standard appointment reminder from a clinic with no signs of a phishing attempt."
legit,,0,legitimate,100,0,0,clean,clean,"This is a standard informational data usage notification from a mobile carrier."
legit,,0,legitimate,100,0,0,clean,clean,"This is a normal personal text message about meeting up with a friend."
legit,lecturer@example.edu.bn,0,legitimate,100,0,0,clean,clean,"This is a standard academic course reminder regarding an assignment deadline."
legit,,0,legitimate,95,0,0,clean,clean,"This is a standard shipping notification requiring no action or personal information from the recipient."
legit,estatement@example-bank.com,0,legitimate,100,0,0,clean,clean,"This is a standard bank notification reminding the customer to check their account securely through official channels without asking for sensitive information."
legit,manager@example.com.bn,0,legitimate,100,0,0,clean,clean,"This is a standard internal team communication regarding a meeting schedule change."
